tid,max_dir,min_dist,max_dist,avg_dir,min_dir,max_speed,min_speed,avg_speed,avg_dist,id,label
1,90.0,0.0,19350.8,5.84423073237905,0.0,5.25,0.0,4.08243588312792,9392.92191236447,1,Fishing
2,86.63,1243.19,16123.3,21.8744442587097,0.33,4.58,0.63,3.30138889948527,7011.45190429688,2,NotFishing
3,22.62,4584.64,14073.2,14.2133334477743,2.63,4.78,4.68,4.71666669845581,10340.7999674479,3,NotFishing
4,131.82,111.18,18885.0,26.0730555206537,0.13,4.75,0.15,3.00361112463805,6790.23664198981,4,NotFishing
5,52.19,11108.8,15963.1,49.6649990081787,47.14,4.43,4.41,4.41999983787537,13535.9350585938,5,NotFishing
6,117.18,1423.97,14725.8,30.7444119926761,0.44,4.51,1.09,3.3479411777328,7445.91204474954,6,NotFishing
7,81.69,3229.75,18806.3,6.62571441080599,0.0,4.92,2.23,4.36261904239655,9886.16683523996,7,Fishing
8,140.01,801.59,14642.4,37.1039390094353,0.73,4.59,0.22,3.36090908899452,6933.79909261068,8,NotFishing
9,49.61,1025.11,15082.3,21.5712499562651,0.21,4.76,0.5,3.69125002622604,7996.10627746582,9,NotFishing
10,158.52,1893.58,16563.8,30.2581821201426,0.46,4.69,1.65,3.46272726131208,7478.34301387902,10,NotFishing
11,26.25,3270.0,17173.8,7.36166664958,0.32,4.54,4.29,4.39333327611287,10299.9098307292,11,NotFishing
12,159.39,2250.02,16169.2,25.6310344766183,0.05,4.61,0.63,3.46896555094883,8321.66717739763,12,Fishing
13,60.33,3903.46,14550.1,29.0187504887581,5.03,4.75,3.67,4.0725000500679,9495.32000732422,13,NotFishing
14,86.3,2686.89,12933.1,35.7060006141663,7.48,4.27,3.53,4.01200003623962,7404.17602539062,14,NotFishing
15,142.26,2893.2,15563.7,21.9376921080626,0.2,4.45,1.89,3.46230769615907,7984.76501464844,15,Fishing
16,33.05,3379.37,11831.8,12.0542855156319,0.0,4.33,3.67,4.13714286259242,7189.62709263393,16,NotFishing
17,119.56,1445.41,17206.2,20.0194284209183,0.15,4.82,1.23,3.66885714871543,7289.3351109096,17,NotFishing
18,140.25,896.36,12837.2,41.7399997115135,1.14,4.55,0.34,3.23300006091595,6249.32899169922,18,NotFishing
19,161.25,1809.27,17059.1,24.5041379764162,2.08,4.59,0.54,3.38827588434877,7773.28927296606,19,Fishing
20,18.66,2049.82,15671.8,7.37571436166763,0.68,4.76,2.63,4.05142859050206,8499.31427873884,20,NotFishing
21,148.34,458.41,16161.1,29.8890624539927,0.4,4.89,0.64,3.28468748368323,7708.11313915253,21,NotFishing
22,2.83,6095.39,11084.8,2.14499998092651,1.46,4.3,4.23,4.26500010490417,8590.09497070312,22,NotFishing
23,156.06,555.97,16452.3,22.6394870930757,0.31,4.69,0.37,3.445641040802,7311.38308794071,23,Fishing
24,164.57,7793.27,10969.1,56.0300024350484,0.0,4.48,3.05,3.99000000953674,9004.71012369792,24,NotFishing
25,130.09,2468.88,19062.2,22.3008823719095,0.28,5.04,1.25,3.67088235827053,8048.60027717142,25,NotFishing
26,22.31,5539.51,17367.1,6.83199992459267,0.03,5.1,4.22,4.6460000038147,11733.4599609375,26,NotFishing
27,151.93,3075.47,15266.5,27.3394997656345,1.03,4.39,2.63,3.82250001430511,9507.50604248047,27,Fishing
28,63.28,2786.46,17123.6,12.9599997932091,0.2,4.7,2.01,4.23749995231628,10437.8637390137,28,NotFishing
29,158.83,2192.92,17797.6,27.7416000252962,0.15,4.71,0.57,3.68079998254776,9350.18326171875,29,Fishing
30,135.81,0.0,17444.4,6.89380281770103,0.0,4.89,0.0,3.73676055417934,8730.54697128081,30,Fishing
31,72.7585,0.0,15616.1,2.92404423891516,0.0,4.06356,0.0,3.3046122779558,8295.84189614097,31,Fishing
32,171.789,111.195,17278.4,19.0206379792077,2.55795e-12,4.67892,0.132375,2.80626782633009,7081.57047794887,32,Fishing
33,35.5599,4186.77,11143.0,10.0267145454884,0.0541548,4.10468,3.92639,4.02267518043518,7261.497265625,33,NotFishing
34,169.727,710.17,14241.4,21.4506423094056,0.261707,4.05933,0.538007,2.74342269247228,6421.56826874704,34,Fishing
35,1.93536,3101.03,12598.6,0.941358331590891,0.138426,4.46758,4.2801,4.37854993343353,7881.96136474609,35,NotFishing
36,177.973,598.166,17192.0,28.4306920186469,0.166996,4.71058,0.808925,3.10042808244103,8423.93509071752,36,Fishing
37,147.831,598.227,16670.1,16.2654355008085,0.231341,4.8029,0.312961,2.67904874007657,5936.16433427919,37,Fishing
38,29.9159,2508.59,17744.8,3.21291921453343,0.0208121,5.00278,4.07501,4.55713992648655,11090.4121500651,38,Fishing
39,177.663,896.466,16457.6,26.3144743469145,0.0601973,4.7273,0.521486,2.93925465345383,6781.106640625,39,Fishing
40,1.10171,3447.04,11566.4,0.906417310237885,0.498212,4.59665,4.36059,4.4649076461792,6589.05792236328,40,NotFishing
41,177.621,248.639,17480.2,28.7543902071193,0.196602,4.75626,0.276266,3.05832129716873,6582.7471446991,41,NotFishing
42,2.47463,3893.39,12906.2,1.39422117173672,0.534871,4.19071,4.05562,4.12020647525787,7428.28057861328,42,NotFishing
43,170.729,471.759,17406.5,33.0512181743983,1.16529e-11,4.81661,0.65522,2.96398185359107,7449.77975294325,43,NotFishing
44,166.154,333.584,17491.5,33.4059075965565,0.0299742,4.92057,0.285914,2.86896304892642,6693.94367669553,44,NotFishing
45,8.28009,3241.8,13717.9,2.87352498869101,0.286477,3.97444,3.80995,3.87099087238312,6961.3574625651,45,NotFishing
46,168.039,809.281,15586.7,23.3532067739194,0.476461,4.83904,0.377986,2.95621965104534,7536.02708188949,46,Fishing
47,8.78877,3859.79,17693.0,2.28647048839114,0.0157692,4.71879,4.10856,4.48057833584872,12368.7253491951,47,Fishing
48,113.839,566.807,16765.4,11.1065682953315,5.17275e-12,4.67003,0.379686,3.16681535187222,7939.84326462519,48,Fishing
49,165.321,702.94,15573.6,25.7396480496973,0.0,4.4284,0.247442,2.88010236093154,6792.33336385091,49,Fishing
50,2.32724,3337.34,8012.13,1.25839206948876,0.081213,4.18079,3.88279,4.04133176803589,6160.70304361979,50,NotFishing
51,178.493,248.541,17133.0,26.7284561437341,0.0,4.93533,0.216044,2.8777273438119,6729.20680600788,51,Fishing
52,180.0,0.0,17910.9,8.97776849269065,0.0,4.82001,0.0,3.39251588676259,8002.84959005452,52,Fishing
53,62.2415,0.0,17425.3,3.40859555837608,0.0,4.6774,0.0,3.98331204008672,9987.3996952426,53,Fishing
54,166.759,497.07,15587.1,31.5912877230288,0.136094,6.45122,0.461135,3.19359877357235,7500.4807568835,54,NotFishing
55,41.0802,2918.62,10096.0,16.3311850875616,1.79928,3.47455,1.79826,2.93161657452583,6278.3876953125,55,NotFishing
56,177.854,1572.03,17711.9,28.2682355131126,0.0900027,4.65328,0.945099,3.28614232771926,7212.3057691786,56,NotFishing
57,50.1315,3184.76,10990.3,23.2152006149292,9.59232,3.10584,2.40489,2.81904988288879,6798.65102539063,57,NotFishing
58,172.107,555.881,16327.3,28.5607497437671,0.0239031,4.37573,0.403172,2.66808877289295,6194.10711303711,58,NotFishing
59,50.0974,4537.19,9169.23,18.2241002321243,2.03004,3.00367,2.10064,2.61669663588206,6157.12052408854,59,NotFishing
60,106.341,1296.69,12390.1,29.3451182805002,0.23627,4.6932,0.360191,2.00955715030432,3703.74139404297,60,NotFishing
61,154.208,598.697,13972.2,24.9156383052468,0.0982774,4.99169,0.419939,2.78154418489029,6068.01856310614,61,Fishing
62,20.4799,3786.56,13600.5,9.68099629878998,2.63243,3.71598,1.46766,2.87123501300812,8945.29504394531,62,NotFishing
63,167.425,868.422,18339.9,18.6433852210089,0.234686,4.90111,0.546428,3.13365404914927,7308.1686763057,63,Fishing
64,29.6796,2115.59,13786.6,11.2505423650146,0.0771141,3.76336,2.90157,3.27592802047729,9874.37556966146,64,NotFishing
65,178.698,333.585,14830.7,27.1428336465938,0.0,4.11084,0.213836,2.35572007174293,5732.53467559814,65,Fishing
66,137.33,2520.93,13334.1,36.4034185409546,6.79728,4.11547,1.46026,2.58499867916107,7951.116796875,66,NotFishing
67,172.048,458.461,18287.9,20.4566016034551,0.113009,6.65305,0.149824,2.79326289745284,6530.43838457994,67,Fishing
68,168.81,2289.54,8573.06,25.963452283293,0.319536,3.23636,1.89644,2.27642147243023,5290.33316040039,68,Fishing
69,55.7007,1903.17,11192.3,8.24622496838371,0.176838,3.18452,0.656651,2.52024275561174,5881.49436442057,69,NotFishing
70,178.238,351.626,19867.7,17.9770984534256,4.09273e-12,5.06954,0.481859,3.06788470174955,7404.90470819888,70,Fishing
71,83.6744,1941.89,12493.6,6.48343030810356,0.0223841,3.01777,1.48987,2.69855942249298,7351.46528320313,71,Fishing
72,173.907,333.585,15356.2,24.7377423389283,0.0295644,4.13426,0.327044,2.95299059365477,7389.12892586844,72,Fishing
73,81.5498,1512.36,10717.4,20.501856058836,1.35117,3.8373,1.05025,2.57595321536064,5719.66984558105,73,NotFishing
74,172.443,497.273,14738.5,23.7870249232062,0.0604386,4.70099,0.306959,3.10548130365518,6695.03423514733,74,Fishing
75,34.427,2050.33,12223.9,15.2646059564182,0.955651,3.39552,2.20738,2.92513353484018,7758.68711635045,75,NotFishing
76,178.669,2779.87,10836.1,72.1438677310944,13.0145,2.71246,1.52663,2.26568976044655,6321.41003417969,76,NotFishing
77,131.118,1445.45,16089.8,22.6694505781583,0.0,3.96686,0.772537,2.80279353390569,8360.98132854959,77,Fishing
78,152.671,1682.68,12272.3,39.1532139730724,0.123571,4.21189,1.3622,3.04927664453333,6661.12905051491,78,NotFishing
79,157.776,248.639,16178.8,28.678901696112,0.306392,4.22733,0.46467,3.09985048230737,7463.80358338356,79,Fishing
80,170.325,2441.23,10208.8,47.0343195796013,2.92912,3.12978,2.83577,3.00033813714981,8006.35229492188,80,NotFishing
81,177.879,497.274,16631.0,21.4448770690782,8.88178e-15,4.27208,0.289547,2.71289189627358,6672.08673394895,81,Fishing
82,11.2245,2358.8,10329.2,5.21240150928615,4.718e-12,3.12959,2.8081,2.93998068571091,5946.24249267578,82,NotFishing
83,138.395,801.825,15202.4,27.630307575752,0.202263,4.26312,0.710539,2.5925848463486,5999.87215870824,83,NotFishing
84,101.323,5804.53,13425.6,32.0917713165283,2.98654,3.38389,2.06512,3.00866231918335,8519.68681640625,84,NotFishing
85,125.315,400.917,14498.8,21.3386225829672,1.40141e-11,4.42507,0.681424,2.84037307255408,5415.51804665958,85,NotFishing
86,69.5005,4008.95,12009.1,32.4561630487442,4.01418,3.33585,1.99707,2.55642420053482,6993.38354492188,86,NotFishing
87,64.6278,2782.1,7793.95,21.4481054345767,1.72357,3.31202,1.76492,2.48347083727519,5543.298828125,87,NotFishing
88,164.603,786.267,17559.6,24.7161387535162,2.72848e-12,4.49539,0.545776,2.80640729144216,7001.5429649353,88,Fishing
89,13.1797,3762.59,11059.8,4.74503039419651,0.145698,2.98619,2.58532,2.75476522445679,6179.13510742187,89,NotFishing
90,153.656,896.482,14866.8,17.5063458335015,0.334814,4.22157,0.466918,3.48403951237279,7661.52557373047,90,Fishing
91,61.2031,2910.25,10347.7,24.8922320365906,2.0706,3.34097,2.42521,2.89583983421326,7010.05610351563,91,NotFishing
92,152.145,2379.37,14969.9,20.8989473576507,0.205884,3.95372,1.58205,3.22701503769044,8479.88204857611,92,Fishing
93,108.885,248.345,14806.3,16.0260233213735,4.26326e-13,5.17741,1.3026,3.27637434560199,7402.81385412882,93,Fishing
94,167.307,1117.47,13810.0,20.3370933656201,0.0235979,4.34276,1.04181,2.76277436591961,6991.36326316551,94,Fishing
95,180.0,111.195,13887.5,11.1492313041337,0.0,7.67227,0.0514791,3.13441634018506,7104.27772243439,95,Fishing
96,63.87,0.0,20090.2,3.05076193144279,0.0,4.92,0.0,4.06838095869337,9564.6654389881,96,Fishing
97,116.62,222.39,18664.1,18.1585001032799,0.24,4.74,0.19,2.42450001835823,5925.22675285339,97,NotFishing
98,114.79,2464.93,17876.0,5.4945000205189,0.13,4.71,2.77,4.23275001049042,8741.93893432617,98,Fishing
99,147.48,248.26,16440.2,16.0045333016415,0.0,4.76,0.28,2.72666667143504,5883.05598958333,99,Fishing
100,8.19,2444.01,16319.3,2.504615348119,0.6,4.52,3.42,4.19076932393588,11048.1606633113,100,Fishing
101,14.38,3552.67,17797.1,1.82173914721479,0.0,4.57,4.17,4.30652174742325,10321.9478388247,101,NotFishing
102,164.83,111.19,17781.3,18.5422674675017,0.04,4.86,0.03,2.87970930505761,7183.58639446525,102,Fishing
103,175.85,2096.88,10054.3,40.6860011219978,0.81,3.58,2.18,2.94000000953674,6385.76591796875,103,NotFishing
104,169.72,111.19,18019.0,22.1442856903587,0.0,5.07,0.09,3.2377142965084,8503.00306193034,104,Fishing
105,3.52,2372.0,18354.0,1.45304347121197,0.3,4.53,3.83,4.10130436524101,10368.6348823879,105,NotFishing
106,166.69,248.54,19429.6,30.9281161509022,0.06,5.1,0.06,2.92724634550404,7205.96276037244,106,NotFishing
107,8.0,3140.16,15701.7,1.46871794263522,0.11,4.46,3.65,4.19512822689154,9285.6710549379,107,NotFishing
108,179.39,333.58,17666.7,21.9858163470516,0.0,4.94,0.13,2.68510203033077,6723.61288981535,108,Fishing
109,166.69,745.62,12304.7,80.7800003687541,10.62,2.93,0.37,2.00000003973643,7051.7567952474,109,NotFishing
110,179.42,0.0,17772.6,18.0429998547584,0.0,4.99,0.0,3.47399999082088,7554.35756835938,110,Fishing
111,137.73,248.54,15459.5,22.9523072334436,0.0,4.52,0.3,2.20115386522733,4681.86230175312,111,NotFishing
112,103.09,2464.05,11080.7,36.9499987860521,0.28,3.42,1.78,2.75999999046326,5513.65014648438,112,NotFishing
113,176.81,110.75,18461.3,24.6779125949763,0.0,5.23,0.14,2.78983164199876,6660.0428810505,113,Fishing
114,174.75,247.83,18373.3,21.5855095008564,0.0,4.78,0.22,2.86652830001318,7109.6283141514,114,Fishing
115,83.52,2591.73,9355.55,45.329998254776,7.14,3.6,3.25,3.42499995231628,5973.63989257812,115,NotFishing
116,178.3,351.59,17253.9,17.0501427482281,0.17,4.78,0.49,3.52985715866089,8266.1665802002,116,Fishing
117,44.29,2748.53,15782.7,14.0416666865349,0.62,3.93,3.4,3.53833337624868,8842.39823404948,117,NotFishing
118,147.53,868.17,19110.8,20.0939130679421,0.0,4.94,0.66,3.31891304254532,7823.66909524669,118,Fishing
119,154.84,566.53,13030.6,20.8275000721216,0.13,4.36,0.41,1.99400000721216,5073.22447814941,119,Fishing
120,157.05,9283.17,14382.6,53.3533343772093,0.09,4.63,2.42,3.77666680018107,11867.5699869792,120,NotFishing
121,144.77,351.32,19513.3,23.0475925637271,0.0,5.3,0.36,2.58527777868289,6073.33758770978,121,NotFishing
122,30.63,2959.83,10468.5,16.4249995946884,2.22,4.11,2.91,3.51000010967255,6714.18505859375,122,NotFishing
123,176.35,333.48,21008.1,17.495479482864,0.0,5.07,0.4,2.99534246325493,6986.12355480455,123,Fishing
124,168.69,0.0,17436.9,6.13025982992409,0.0,4.64,0.0,3.58402597749388,8313.35908171418,124,Fishing
